title,url
Iron Man,https://vidbox.vc/movie/1726
The Incredible Hulk,https://vidbox.vc/movie/1724
Iron Man 2,https://vidbox.vc/movie/10138
Thor,https://vidbox.vc/movie/10195
Captain America: The First Avenger,https://vidbox.vc/movie/1771
The Avengers,https://vidbox.vc/movie/24428
Iron Man 3,https://vidbox.vc/movie/68721
Thor: The Dark World,https://vidbox.vc/movie/76338
Captain America: The Winter Soldier,https://vidbox.vc/movie/100402
Guardians of the Galaxy,https://vidbox.vc/movie/118340
Avengers: Age of Ultron,https://vidbox.vc/movie/99861
Ant-Man,https://vidbox.vc/movie/102899
Captain America: Civil War,https://vidbox.vc/movie/271110
Doctor Strange,https://vidbox.vc/movie/284052
Guardians of the Galaxy Vol. 2,https://vidbox.vc/movie/283995
Spider-Man: Homecoming,https://vidbox.vc/movie/315635
Thor: Ragnarok,https://vidbox.vc/movie/284053
Black Panther,https://vidbox.vc/movie/284054
Avengers: Infinity War,https://vidbox.vc/movie/299536
Ant-Man and the Wasp,https://vidbox.vc/movie/363088
Captain Marvel,https://vidbox.vc/movie/299537
Avengers: Endgame,https://vidbox.vc/movie/299534
Spider-Man: Far From Home,https://vidbox.vc/movie/429617
WandaVision,https://vidbox.vc/tv/85271
The Falcon and the Winter Soldier,https://vidbox.vc/tv/88396
Loki — Season 1,https://vidbox.vc/tv/84958
Black Widow,https://vidbox.vc/movie/497698
What If…? — Season 1,https://vidbox.vc/tv/91363
Shang-Chi and the Legend of the Ten Rings,https://vidbox.vc/movie/566525
Eternals,https://vidbox.vc/movie/524434
Spider-Man: No Way Home,https://vidbox.vc/movie/634649
Moon Knight,https://vidbox.vc/tv/92749
Doctor Strange in the Multiverse of Madness,https://vidbox.vc/movie/453395
Ms. Marvel,https://vidbox.vc/tv/92782
Thor: Love and Thunder,https://vidbox.vc/movie/616037
I Am Groot — Season 1,https://vidbox.vc/tv/232125
She-Hulk: Attorney at Law,https://vidbox.vc/tv/92783
Black Panther: Wakanda Forever,https://vidbox.vc/movie/505642
Ant-Man and the Wasp: Quantumania,https://vidbox.vc/movie/640146
Guardians of the Galaxy Vol. 3,https://vidbox.vc/movie/447365
Secret Invasion,https://vidbox.vc/tv/114472
I Am Groot — Season 2,https://vidbox.vc/tv/232125
Loki — Season 2,https://vidbox.vc/tv/84958
The Marvels,https://vidbox.vc/movie/609681
What If…? — Season 2,https://vidbox.vc/tv/91363
Agatha All Along,https://vidbox.vc/tv/138501
What If…? — Season 3,https://vidbox.vc/tv/91363
Your Friendly Neighborhood Spider-Man — Season 1,https://vidbox.vc/tv/138503
Captain America: Brave New World,https://vidbox.vc/movie/822119
Thunderbolts*,https://vidbox.vc/movie/986056
Ironheart,https://vidbox.vc/tv/114471
The Fantastic Four: First Steps,https://vidbox.vc/movie/617126
Eyes of Wakanda,https://vidbox.vc/tv/241388
Marvel Zombies,https://vidbox.vc/tv/138505
Wonder Man,https://vidbox.vc/tv/198178
Spider-Man: Brand New Day,https://vidbox.vc/movie/969681
VisionQuest,https://vidbox.vc/tv/213375
Your Friendly Neighborhood Spider-Man — Season 2,https://vidbox.vc/tv/138503
X-Men,https://vidbox.vc/movie/36657
X2: X-Men United,https://vidbox.vc/movie/36658
X-Men: The Last Stand,https://vidbox.vc/movie/36668
X-Men Origins: Wolverine,https://vidbox.vc/movie/2080
X-Men: First Class,https://vidbox.vc/movie/49538
The Wolverine,https://vidbox.vc/movie/76170
X-Men: Days of Future Past,https://vidbox.vc/movie/127585
Deadpool,https://vidbox.vc/movie/293660
X-Men: Apocalypse,https://vidbox.vc/movie/246655
Logan,https://vidbox.vc/movie/263115
Deadpool 2,https://vidbox.vc/movie/383498
Dark Phoenix,https://vidbox.vc/movie/320288
The New Mutants,https://vidbox.vc/movie/340102
Deadpool & Wolverine,https://vidbox.vc/movie/533535
Daredevil — Season 1,https://vidbox.vc/tv/61889
Jessica Jones — Season 1,https://vidbox.vc/tv/38472
Daredevil — Season 2,https://vidbox.vc/tv/61889
Luke Cage — Season 1,https://vidbox.vc/tv/62126
Iron Fist — Season 1,https://vidbox.vc/tv/62127
The Defenders,https://vidbox.vc/tv/62285
The Punisher — Season 1,https://vidbox.vc/tv/67178
Jessica Jones — Season 2,https://vidbox.vc/tv/38472
Luke Cage — Season 2,https://vidbox.vc/tv/62126
Iron Fist — Season 2,https://vidbox.vc/tv/62127
Daredevil — Season 3,https://vidbox.vc/tv/61889
The Punisher — Season 2,https://vidbox.vc/tv/67178
Jessica Jones — Season 3,https://vidbox.vc/tv/38472
Hawkeye,https://vidbox.vc/tv/88329
Echo,https://vidbox.vc/tv/122226
Daredevil: Born Again — Season 1,https://vidbox.vc/tv/202555
Daredevil: Born Again — Season 2,https://vidbox.vc/tv/202555
